name,symbol,total_supply,decimals,mintable,owner,proxy_admin,bep20_addr,deploy_txhash,mirror_txhash,bep2_symbol,Category
BNB,BNB,169433744000000000000000000,18,FALSE,null,null,0x0000000000000000000000000000000000000000,null,null,BNB,BToken
BTCB Token,BTCB,68501000000000000000000,18,TRUE,0xf68a4b64162906eff0ff6ae34e2bb1cd42fef62d,null,0x7130d2A12B9BCbFAe4f2634d864A1Ee1Ce3Ead9c,0x4bc779bea1874dff3434fc0b4e1d0a24dc329783f190e2adc39ee9844d213c8e,null,BTCB-1DE,BToken
BUSD Token,BUSD,4265999000000000000000000000,18,TRUE,0xd2f93484f2d319194cba95c5171b18c1d8cfd6c4,null,0xe9e7CEA3DedcA5984780Bafc599bD69ADd087D56,0x0f01fc521030f178115c880e200b09a40c9510f49de227aa880276f92670a3d6,null,BUSD-BD1,BToken
ChainLink Token,LINK,8500000000000000000000000,18,TRUE,0xf68a4b64162906eff0ff6ae34e2bb1cd42fef62d,null,0xF8A0BF9cF54Bb92F17374d9e9A321E6a111a51bD,0xb5519dc9333aaed59898de7093946dc22c69f240a40c5625e67c02b12749c85c,null,LINK-AAD,BToken
Tether USD,USDT,3090000000000000000000000000,18,TRUE,0xf68a4b64162906eff0ff6ae34e2bb1cd42fef62d ,null,0x55d398326f99059fF775485246999027B3197955,0x05ec6203d7d0d8794449e4d8393c4e3cc397f2477839248e16db25469e37721d,null,USDT-6D8,BToken
Cardano Token,ADA,600000000000000000000000000,18,TRUE,0xf68a4b64162906eff0ff6ae34e2bb1cd42fef62d,null,0x3EE2200Efb3400fAbB9AacF31297cBdD1d435D47,0xde315b3dd345c394abe3db496a25081894ab90aa085cc26197f34855f07faadb,null,ADA-9F4,BToken
Band Protocol Token,BAND,3200000000000000000000000,18,TRUE,0xf68a4b64162906eff0ff6ae34e2bb1cd42fef62d,null,0xAD6cAEb32CD2c308980a548bD0Bc5AA4306c6c18,0x0b420885f367184d242c61d74e0a6472e9d52e468e7dc3592ab721594219119a,null,BAND-34B,BToken
Bitcoin Cash Token,BCH,110000000000000000000000,18,TRUE,0xf68a4b64162906eff0ff6ae34e2bb1cd42fef62d,null,0x8fF795a6F4D97E7887C79beA79aba5cc76444aDf,0x47753fa7e15a93c29125689443f838bf4256b64ab1a413a2d25ff134f00a74d4,null,BCH-1FD,BToken
Dai Token,DAI,269000000000000000000000000,18,TRUE,0xf68a4b64162906eff0ff6ae34e2bb1cd42fef62d,null,0x1AF3F329e8BE154074D8769D1FFa4eE058B1DBc3,0x84b307b3f131f5ddac0af3b42339bbfa9b4f28a979899cd9bc334dad63233200,null,DAI-D75,BToken
Polkadot Token,DOT,11000000000000000000000000,18,TRUE,0xf68a4b64162906eff0ff6ae34e2bb1cd42fef62d,null,0x7083609fCE4d1d8Dc0C979AAb8c869Ea2C873402,0x4cca70e6a5ac66b5f4ce0fb4b686bdadcce0f6d6bae4b175eec33bf799d45a68,null,DOT-64C,BToken
Ethereum Token,ETH,1155000000000000000000000,18,TRUE,0xf68a4b64162906eff0ff6ae34e2bb1cd42fef62d,null,0x2170Ed0880ac9A755fd29B2688956BD959F933F8,0x2f3cd1b65f0db3e42ab566ac3bcfbbf2281a0ddff652b7291dde662f777cc2c2,null,ETH-1C9,BToken
Litecoin Token,LTC,595000000000000000000000,18,TRUE,0xf68a4b64162906eff0ff6ae34e2bb1cd42fef62d,null,0x4338665CBB7B2485A8855A139b75D5e34AB0DB94,0x10836a516e625a33285fbdbe0f08d544459620fb39cc63d5d635f208537ad11b,null,LTC-F07,BToken
Ontology Token,ONT,15000000000000000000000000,18,TRUE,0xf68a4b64162906eff0ff6ae34e2bb1cd42fef62d,null,0xFd7B3A77848f1C2D67E05E54d78d174a0C850335,0xdb5448d880d1426a9667ea8e93925453953e5e4fdcdfaf4171ba9c029334cfeb,null,ONT-33D,BToken
XRP Token,XRP,233000000000000000000000000,18,TRUE,0xf68a4b64162906eff0ff6ae34e2bb1cd42fef62d,null,0x1D2F0da169ceB9fC7B3144628dB156f3F6c60dBE,0xebc373820dd6810a3f16437cdc46858c5b4fd6aff25ef59761dfb021c4dde361,null,XRP-BF2,BToken
Tezos Token,XTZ,4000000000000000000000000,18,TRUE,0xf68a4b64162906eff0ff6ae34e2bb1cd42fef62d ,null,0x16939ef78684453bfDFb47825F8a5F714f12623a,0xd227391eefba7856f741c0c945f10812b6d5c445ce9be4606ba95f4f3e1f9b7c,null,XTZ-F7A,BToken
EOS Token,EOS,10640000000000000000000000,18,TRUE,0xf68a4b64162906eff0ff6ae34e2bb1cd42fef62d ,null,0x56b6fB708fC5732DEC1Afc8D8556423A2EDcCbD6,0x6b3ba42f8266f2473ed360718532f202bd7694681ea437896a3b1950a375bcac,null,EOS-CDD,BToken
ATOM,ATOM,1710000000000000000000000,18,TRUE,0xf68a4b64162906eff0ff6ae34e2bb1cd42fef62d ,null,0x0Eb3a705fc54725037CC9e008bDede697f62F335,0xfa763455b540705486499f337a12eeee5efcb72f18b1d667a9719eca860e0c69,null,ATOM-596,BToken
YFII.finance Token,YFII,3000000000000000000000,18,TRUE,0xf68a4b64162906eff0ff6ae34e2bb1cd42fef62d ,null,0x7F70642d88cf1C4a3a7abb072B53B929b653edA5,0x88d3744261f3d7ce75bf64c8d8dfe7078000ec707b2e6558dc0a0b635a4f9af7,null,YFII-061,BToken
Zcash Token,ZEC,100000000000000000000000,18,TRUE,0xf68a4b64162906eff0ff6ae34e2bb1cd42fef62d ,null,0x1Ba42e5193dfA8B03D15dd1B86a3113bbBEF8Eeb,0x03ead8223393da68c0ad33413cb22888511c259f725140d0d6f8012552bd7224,null,ZEC-93E,BToken
Bella Protocol,BEL,5000000000000000000000000,18,TRUE,0xf68a4b64162906eff0ff6ae34e2bb1cd42fef62d ,0xd2f93484f2d319194cba95c5171b18c1d8cfd6c4,0x8443f091997f06a61670B735ED92734F5628692F,0xffeeec4c488d5475562be88832205f5e494a2a4e2f1d527a6f6aafe01a8c78b0,null,BEL-D85,BToken
Compound Coin,COMP,50000000000000000000000,18,TRUE,0xf68a4b64162906eff0ff6ae34e2bb1cd42fef62d ,0xd2f93484f2d319194cba95c5171b18c1d8cfd6c4,0x52CE071Bd9b1C4B00A0b92D298c512478CaD67e8,0x113e1973e956c3f5d7dedaf45fd5338dc39424f21e14eeaf767ceb2882f759a1,null,COMP-DEE,BToken
ELF Token,ELF,3000000000000000000000000,18,TRUE,0xf68a4b64162906eff0ff6ae34e2bb1cd42fef62d ,0xd2f93484f2d319194cba95c5171b18c1d8cfd6c4,0xa3f020a5C92e15be13CAF0Ee5C95cF79585EeCC9,0x005a7b2260e01d1476ef36cffa342549033cefe0a1c95e812c66d97b244c3b07,null,ELF-D72,BToken
IoTeX Network,IOTX,408999600000000000000000000,18,TRUE,0xf68a4b64162906eff0ff6ae34e2bb1cd42fef62d ,0xd2f93484f2d319194cba95c5171b18c1d8cfd6c4,0x9678E42ceBEb63F23197D726B29b1CB20d0064E5,0xf190a4864e0380f6c238be3394220d0c52166abc9f1c5e1672d15ff9d86a6f40,null,IOTX-0ED,BToken
Maker,MKR,5000000000000000000000,18,TRUE,0xf68a4b64162906eff0ff6ae34e2bb1cd42fef62d ,0xd2f93484f2d319194cba95c5171b18c1d8cfd6c4,0x5f0Da599BB2ccCfcf6Fdfd7D81743B6020864350,0x228c1208e4c5b1184bffc5b0518db38386030d856fba26a3ec47054a8d837f97,null,MKR-F04,BToken
Token Club,TCT,31000000000000000000000000,18,TRUE,0xf68a4b64162906eff0ff6ae34e2bb1cd42fef62d ,0xd2f93484f2d319194cba95c5171b18c1d8cfd6c4,0xCA0a9Df6a8cAD800046C1DDc5755810718b65C44,0x17f9c48699dda505dd8a6dd1a29fb06579847090db1a72a9ca6a7c813caaa9f8,null,TCT-826,BToken
Basic Attention Token,BAT,25000000000000000000000000,18,TRUE,0xf68a4b64162906eff0ff6ae34e2bb1cd42fef62d ,0xd2f93484f2d319194cba95c5171b18c1d8cfd6c4,0x101d82428437127bF1608F699CD651e6Abf9766E,0xd39853249fe5876852d5168df1217f36cd9dfa5f89b5173d7d6f2c69e32f4ab6,null,BAT-07A,BToken
Synthetix Network Token,SNX,1000000000000000000000000,18,TRUE,0xf68a4b64162906eff0ff6ae34e2bb1cd42fef62d ,0xd2f93484f2d319194cba95c5171b18c1d8cfd6c4,0x9Ac983826058b8a9C7Aa1C9171441191232E8404,0xd17c43477ceb1d4caa0fa67db2cf8ccadfa62549cd94bb86d11172f10df8fb8e,null,SNX-C26,BToken
yearn.finance,YFI,900000000000000000000,18,TRUE,0xf68a4b64162906eff0ff6ae34e2bb1cd42fef62d ,0xd2f93484f2d319194cba95c5171b18c1d8cfd6c4,0x88f1A5ae2A3BF98AEAF342D26B30a79438c9142e,0xaa9a1789ec8239c6140951a716c46a7f05a065ff8229e7363d39e1a996a39025,null,YFI-1A4,BToken
Uniswap,UNI,3700000000000000000000000,18,TRUE,0xf68a4b64162906eff0ff6ae34e2bb1cd42fef62d ,0xd2f93484f2d319194cba95c5171b18c1d8cfd6c4,0xBf5140A22578168FD562DCcF235E5D43A02ce9B1,0xd8679f03936b8ecd46e856effa80465c1681b34038d3b23378d428fae9ae6cea,null,UNI-DD8,BToken
Filecoin,FIL,1050000000000000000000000,18,TRUE,0xf68a4b64162906eff0ff6ae34e2bb1cd42fef62d ,0xd2f93484f2d319194cba95c5171b18c1d8cfd6c4,0x0D8Ce2A99Bb6e3B7Db580eD848240e4a0F9aE153,0x0324d6c26a776cdca0f84e253a0892d0e7688d08be6471bdc3204681ad50abc2,null,FIL-E2C,BToken
NEAR Protocol,NEAR,2500000000000000000000000,18,TRUE,0xf68a4b64162906eff0ff6ae34e2bb1cd42fef62d ,0xd2f93484f2d319194cba95c5171b18c1d8cfd6c4,0x1Fa4a73a3F0133f0025378af00236f3aBDEE5D63,0x7a594428c9f757ef3745908a81a42368f35f3ac4bd29c740375f291083d93c53,null,NEAR-4FD,BToken
Paxos Standard,PAX,8000000000000000000000000,18,TRUE,0xf68a4b64162906eff0ff6ae34e2bb1cd42fef62d ,0xd2f93484f2d319194cba95c5171b18c1d8cfd6c4,0xb7F8Cd00C5A06c0537E2aBfF0b58033d02e5E094,0x7fd3b08b3d4c05b10214c26cc4a488b699bcc60b0fff63d825aa8dfb123bb922,null,PAX-F25,BToken
USD Coin,USDC,1778000000000000000000000000,18,TRUE,0xf68a4b64162906eff0ff6ae34e2bb1cd42fef62d ,0xd2f93484f2d319194cba95c5171b18c1d8cfd6c4,0x8AC76a51cc950d9822D68b83fE1Ad97B32Cd580d,0xe87d240407fb4c788f0674a0fe7a3646c53d90d5f8cfb518aa9584bd073ae441,null,USDC-CD2,BToken
Injective Protocol,INJ,7500000000000000000000000,18,TRUE,0xf68a4b64162906eff0ff6ae34e2bb1cd42fef62d ,0xd2f93484f2d319194cba95c5171b18c1d8cfd6c4,0xa2B726B1145A4773F68593CF171187d8EBe4d495,0x9006a36d5425ff2fe5f7223e27159704f18a437873376e8e8c652a613dafd324,null,INJ-FAE,BToken
Binance Beacon ETH,BETH,100000000000000000000000000,18,TRUE,0xf68a4b64162906eff0ff6ae34e2bb1cd42fef62d ,0xd2f93484f2d319194cba95c5171b18c1d8cfd6c4,0x250632378E573c6Be1AC2f97Fcdf00515d0Aa91B,0x5828b47db31d82fa73e9f583a5f8ff457dcc6f8bdfbc7869fd1019f43cf07451,null,BETH-654,BToken
Elrond,EGLD,600000000000000000000000,18,TRUE,0xf68a4b64162906eff0ff6ae34e2bb1cd42fef62d ,0xd2f93484f2d319194cba95c5171b18c1d8cfd6c4,0xbF7c81FFF98BbE61B40Ed186e4AfD6DDd01337fe,0x21813699d4d78294128464f6825449e1c9f9c3d310e807ec7a644be1a5168f28,null,EGLD-745,BToken
Dogecoin,DOGE,200000031400000000,8,TRUE,0xf68a4b64162906eff0ff6ae34e2bb1cd42fef62d ,0xd2f93484f2d319194cba95c5171b18c1d8cfd6c4,0xbA2aE424d960c26247Dd6c32edC70B295c744C43,0x15f2fd1cd8556976f8f1065bbee20e6d8d43d8c005e25a5a59fde6c44c6635b5,null,DOGE-B67,BToken
SushiToken,SUSHI,4000000000000000000000000,18,TRUE,0xf68a4b64162906eff0ff6ae34e2bb1cd42fef62d ,0xd2f93484f2d319194cba95c5171b18c1d8cfd6c4,0x947950BcC74888a40Ffa2593C5798F11Fc9124C4,0x84792c57f4424e8f34c49d8b47c2164bcfe00916d4a396464f750f30b634d8a4,null,SUSHI-134,BToken
Aave Token,AAVE,500000000000000000000000,18,TRUE,0xf68a4b64162906eff0ff6ae34e2bb1cd42fef62d ,0xd2f93484f2d319194cba95c5171b18c1d8cfd6c4,0xfb6115445Bff7b52FeB98650C87f44907E58f802,0xa5cc7ad88fa602e2ca1eb4992369e4aff13a31a766e7f2206ed02fc7935aea9a,null,AAVE-8FA,BToken
Measurable Data Token,MDT,200000000000000000000000000,18,TRUE,0xf68a4b64162906eff0ff6ae34e2bb1cd42fef62d ,0xd2f93484f2d319194cba95c5171b18c1d8cfd6c4,0x668DB7aa38eaC6B40c9D13dBE61361DC4c4611d1,0x4cbd4ed5990a2488cb1c8692001db5362dfe0795c1fcd6980c7e4c5ba50dd615,0x584e07805ecbbc172038cab8feb03b39d2c36733d17c7a666e6e34538e5edf83,MDT-14A,BToken
Ethereum Classic,ETC,1000000000000000000000000,18,TRUE,0xf68a4b64162906eff0ff6ae34e2bb1cd42fef62d ,0xd2f93484f2d319194cba95c5171b18c1d8cfd6c4,0x3d6545b08693daE087E957cb1180ee38B9e3c25E,0x5847dd73c18607eae6438ed72d7365fbce8edd573cab348a301af9a1c97ace4a,null,ETC-758,BToken
Balancer,BAL,8131000000000000000000000,18,TRUE,0xf68a4b64162906eff0ff6ae34e2bb1cd42fef62d ,0xd2f93484f2d319194cba95c5171b18c1d8cfd6c4,0xd4ed60d8368a92b5F1ca33aF61eF2A94714B2d46,0xbbf02ec7ac3ba336c040e76af46e877c21f39696a584e97568a1929cfda435cf,,,BToken
MIOTAC,IOTA,555906057000000,6,TRUE,0xf68a4b64162906eff0ff6ae34e2bb1cd42fef62d ,0xd2f93484f2d319194cba95c5171b18c1d8cfd6c4,0xd944f1D1e9d5f9Bb90b62f9D45e447D989580782,0x2e559d5ffe4b3afc905cd791ba7a0509c8b7456d593e61bf5240453ab85e4051,,,BToken
Perlin,PERL,191341263000000000000000000,18,TRUE,0xf68a4b64162906eff0ff6ae34e2bb1cd42fef62d ,0xd2f93484f2d319194cba95c5171b18c1d8cfd6c4,0x0F9E4D49f25de22c2202aF916B681FBB3790497B,0x9910ca3ab7d89f7149b4c91c33e0fc3c1d467bf8ba04c43c339b5e2ca994cc17,,,BToken
Zilliqa,ZIL,102654528000000000000,12,TRUE,0xf68a4b64162906eff0ff6ae34e2bb1cd42fef62d ,0xd2f93484f2d319194cba95c5171b18c1d8cfd6c4,0xb86AbCb37C3A4B64f74f59301AFF131a1BEcC787,0x031f4a8eabc09488d750922f0f6ca704823c05d6992c787704fc09efea2fe7ad,0x3d0763cbf80ab5a17fe342f4f095a1fecddbfe293256b4fb8ce4ea5250701210,ZIL-BB2,BToken
IDEX Token,IDEX,200000000000000000000000000,18,TRUE,0xf68a4b64162906eff0ff6ae34e2bb1cd42fef62d ,0xd2f93484f2d319194cba95c5171b18c1d8cfd6c4,0x0856978F7fFff0a2471B4520E3521c4B3343e36f,0xf89907e3a364e6d5311d9ed272ef2ddc7e66735dfbdd1ae3a6ac2a7512420e27,,,BToken
Avalanche,AVAX,72000000000000000000000000,18,TRUE,0xf68a4b64162906eff0ff6ae34e2bb1cd42fef62d ,0xd2f93484f2d319194cba95c5171b18c1d8cfd6c4,0x1CE0c2827e2eF14D5C4f29a091d735A204794041,0x87fcc792585af9ee733ee788e485b5dc22d8ad6bf0c1575e2fd816830f3dfcdb,,,BToken
Komodo,KMD,24902577000000000000000000,18,TRUE,0xf68a4b64162906eff0ff6ae34e2bb1cd42fef62d ,0xd2f93484f2d319194cba95c5171b18c1d8cfd6c4,0x2003f7ba57Ea956B05B85C60B4B2Ceea9b111256,0x9735d6e5d8590e0a344d4ee11428681a8edb88a6fb92edd8dc6db6070bb641e2,,,BToken
pNetwork Token,PNT,14480589000000000000000000,18,TRUE,0xf68a4b64162906eff0ff6ae34e2bb1cd42fef62d ,0xd2f93484f2d319194cba95c5171b18c1d8cfd6c4,0x7A1Da9F49224EF98389B071b8A3294D1Cc5e3e6A,0xdeb2097d46def42112b57e757d557f0a90af6cc57cc8ab5496ddab7c0f314f66,,,BToken
bZx Protocol Token,BZRX,206000000000000000000000000,18,TRUE,0xf68a4b64162906eff0ff6ae34e2bb1cd42fef62d ,0xd2f93484f2d319194cba95c5171b18c1d8cfd6c4,0x4b87642AEDF10b642BE4663Db842Ecc5A88bf5ba,0x826bb12ffc93583ba7506e1f046e997e5a77ea65499dff32134747d519f07a24,,,BToken
Bancor Network Token,BNT,28979215000000000000000000,18,TRUE,0xf68a4b64162906eff0ff6ae34e2bb1cd42fef62d ,0xd2f93484f2d319194cba95c5171b18c1d8cfd6c4,0xA069008A669e2Af00a86673D9D584cfb524A42Cc,0xe066b0579c1f44e393fdc0721726e77c4ca8b2dd7f9a6472369236f82e24c258,,,BToken
Cartesi Token,CTSI,200000000000000000000000000,18,TRUE,0xf68a4b64162906eff0ff6ae34e2bb1cd42fef62d ,0xd2f93484f2d319194cba95c5171b18c1d8cfd6c4,0x8dA443F84fEA710266C8eB6bC34B71702d033EF2,0x124ec24df595a7186e55378e9fa0d91890801dea78f67adc666ca44d0f9087d2,,,BToken
Frax Share ,FXS,20000000000000000000000000,18,TRUE,0xf68a4b64162906eff0ff6ae34e2bb1cd42fef62d ,0xd2f93484f2d319194cba95c5171b18c1d8cfd6c4,0xDE2F075f6F14EB9D96755b24E416A53E736Ca363,0x0dfedeecba384fca68ee91873be85a15ca9ecaa2d869272594624c776ed15b73,,,BToken
Bluzelle Token,BLZ,100000000000000000000000000,18,TRUE,0xf68a4b64162906eff0ff6ae34e2bb1cd42fef62d ,0xd2f93484f2d319194cba95c5171b18c1d8cfd6c4,0x935a544Bf5816E3A7C13DB2EFe3009Ffda0aCdA2,0xf19a94c2407038f1445cc96154f7c7340bbcf5362df47f9a0c26ecf898d7e903,,,BToken
openANX Token,OAX,20000000000000000000000000,18,TRUE,0xf68a4b64162906eff0ff6ae34e2bb1cd42fef62d ,0xd2f93484f2d319194cba95c5171b18c1d8cfd6c4,0x31720B2276Df3b3B757B55845d17Eea184d4fc8f,0x9f26bf40faaedfcf0abbe40b95938c56ab04b5b49b88931be088be478d15f28a,,,BToken
COTI Token,COTI,260000000000000000000000000,18,TRUE,0xf68a4b64162906eff0ff6ae34e2bb1cd42fef62d ,0xd2f93484f2d319194cba95c5171b18c1d8cfd6c4,0xAdBAF88B39D37Dc68775eD1541F1bf83A5A45feB,0xd9abc8a2dc9a94692efde4ccda0d01160899edc22ab5b5194676998679f676ef,null,COTI-CBB,BToken
Firo,FIRO,70000000000000,8,TRUE,0xf68a4b64162906eff0ff6ae34e2bb1cd42fef62d ,0xd2f93484f2d319194cba95c5171b18c1d8cfd6c4,0xd5d0322b6bAb6a762C79f8c81A0B674778E13aeD,0xaaf5b24b66be270c3437c914167c966d2d1b754fcb1e987700a28bf99a1931f9,,,BToken
TrueFi,TRU,28800000000000000,8,TRUE,0xf68a4b64162906eff0ff6ae34e2bb1cd42fef62d ,0xd2f93484f2d319194cba95c5171b18c1d8cfd6c4,0xb4FCDcB8A0b29247466720Ff81587D1A6f4FC4D7,0x3d2f0b1fbaa32c81fb1b8ddfdc026f041069f3317f29e50dc7128d029579298c,,,BToken
Matic Token,MATIC,2000000000000000000000000000,18,TRUE,0xf68a4b64162906eff0ff6ae34e2bb1cd42fef62d ,0xd2f93484f2d319194cba95c5171b18c1d8cfd6c4,0xCC42724C6683B7E57334c4E856f4c9965ED682bD,0x763c60c545124e16995be74877eae8fec0f4dfc5feeafa6ac6bac28ffa53133d,null,MATIC-84A,BToken
CelerToken,CELR,2000000000000000000000000000,18,TRUE,0xf68a4b64162906eff0ff6ae34e2bb1cd42fef62d ,0xd2f93484f2d319194cba95c5171b18c1d8cfd6c4,0x1f9f6a696C6Fd109cD3956F45dC709d2b3902163,0x61b97d060663a4de84c939272f03465b769a619ae617e9d041f096c7756e1f50,,,BToken
Bitcoin Cash ABC ,BCHA,45000000000000000000000,18,TRUE,0xf68a4b64162906eff0ff6ae34e2bb1cd42fef62d ,0xd2f93484f2d319194cba95c5171b18c1d8cfd6c4,0xd475c9c934dcd6d5f1cac530585aa5ba14185b92,0xf7c555fcaa3caf3b876ff6deb7b962e858392811059e0ea37ffd4581f819efdd,null,BCHA-959,BToken
BitTorrent,BTT,131990000000000000000000000000,18,TRUE,0xf68a4b64162906eff0ff6ae34e2bb1cd42fef62d ,0xd2f93484f2d319194cba95c5171b18c1d8cfd6c4,0x8595f9da7b868b1822194faed312235e43007b49,0x9ab911e21c11971eff33e1dbcb14f6d2893789d801c41c40bcf6be2c5b86e0f4,null,BTTB-D31,BToken
Everex,EVX,4500000000000000000000000,18,TRUE,0xf68a4b64162906eff0ff6ae34e2bb1cd42fef62d ,0xd2f93484f2d319194cba95c5171b18c1d8cfd6c4,0x0c9b7103e16f171f60448e039f48d3b50241fcbc,0x3cefbba04b106a8f2db1f693b6335369860efcb141d1cdb7c49dc3203018025d,,,BToken
Stafi,FIS,2000000000000000000000000,18,TRUE,0xf68a4b64162906eff0ff6ae34e2bb1cd42fef62d ,0xd2f93484f2d319194cba95c5171b18c1d8cfd6c4,0xf4bafaeae73a4a7c8b6479970075e91e641fb1fc,0xb18f906b525f064544ca466afb695b27e0b9228c2787399ee1f37baea40865bb,,,BToken
Fantom,FTM,500000000000000000000000000,18,TRUE,0xf68a4b64162906eff0ff6ae34e2bb1cd42fef62d ,0xd2f93484f2d319194cba95c5171b18c1d8cfd6c4,0xad29abb318791d579433d831ed122afeaf29dcfe,0x4757913039e884d072d53349f0ca023d9c758113893b8d2adbdcac3210759766,null,FTM-A64,BToken
Kusama,KSM,1700000000000000000000000,18,TRUE,0xf68a4b64162906eff0ff6ae34e2bb1cd42fef62d ,0xd2f93484f2d319194cba95c5171b18c1d8cfd6c4,0x2aa69E8D25C045B659787BC1f03ce47a388DB6E8,0x13f21be84283f69c88049e2a7832c7ae69be851466672f120fba4c417ba49760,,,BToken
Ocean Protocol,OCEAN,85000000000000000000000000,18,TRUE,0xf68a4b64162906eff0ff6ae34e2bb1cd42fef62d ,0xd2f93484f2d319194cba95c5171b18c1d8cfd6c4,0xDCe07662CA8EbC241316a15B611c89711414Dd1a,0xa69f0423ea22c026c62469a7c654f75cf80d2329297d16ec872500e3e0e7af50,,,BToken
MANTRA DAO,OM,56000000000000000000000000,18,TRUE,0xf68a4b64162906eff0ff6ae34e2bb1cd42fef62d ,0xd2f93484f2d319194cba95c5171b18c1d8cfd6c4,0xF78D2e7936F5Fe18308A3B2951A93b6c4a41F5e2,0x3e7d4956f9f84b96f945d97f71e51223187e96ed7c5c35a95e744380729d2a4a,,,BToken
Perpetual Protocol,PERP,4000000000000000000000000,18,TRUE,0xf68a4b64162906eff0ff6ae34e2bb1cd42fef62d ,0xd2f93484f2d319194cba95c5171b18c1d8cfd6c4,0x4e7f408be2d4E9D60F49A64B89Bb619c84C7c6F5,0x48cf51a0bf96fa2f5335935b9c439e9bcc8776f7c3c31efb27546f7ef5672444,,,BToken
Phala Network,PHA,35000000000000000000000000,18,TRUE,0xf68a4b64162906eff0ff6ae34e2bb1cd42fef62d ,0xd2f93484f2d319194cba95c5171b18c1d8cfd6c4,0x0112e557d400474717056C4e6D40eDD846F38351,0x0ea919bc4f70be45b62c6d1763f0f6504a648369193e486348d14d76abf83ace,,,BToken
Secret ,SCRT,14000000000000000000000000,18,TRUE,0xf68a4b64162906eff0ff6ae34e2bb1cd42fef62d ,0xd2f93484f2d319194cba95c5171b18c1d8cfd6c4,0x02dd18E4981DA3fC7363fE56f3B81D1860b44ea7,0xea68ed564d8b6a0f9d2e82ad48d57057b02104601af51972d65ae294df50a91d,,,BToken
TRON,TRX,14330000000000000000000000000,18,TRUE,0xf68a4b64162906eff0ff6ae34e2bb1cd42fef62d ,0xd2f93484f2d319194cba95c5171b18c1d8cfd6c4,0x85EAC5Ac2F758618dFa09bDbe0cf174e7d574D5B,0x4a10a6608d3cc927460e8eda384d0bb84497dfbf3c1f7b00b7d4ff9ca3dccc18,null,TRXB-2E6,BToken
TrueUSD,TUSD,63000000000000000000000000,18,TRUE,0xf68a4b64162906eff0ff6ae34e2bb1cd42fef62d ,0xd2f93484f2d319194cba95c5171b18c1d8cfd6c4,0x14016E85a25aeb13065688cAFB43044C2ef86784,0xd825ae7c3ff8d99b800db14e41b3fd2d19832a8562aa31ffb8a691954ab5429b,null,TUSDB-888,BToken
WINk,WIN,62720000000000000000000000000,18,TRUE,0xf68a4b64162906eff0ff6ae34e2bb1cd42fef62d ,0xd2f93484f2d319194cba95c5171b18c1d8cfd6c4,0xaeF0d72a118ce24feE3cD1d43d383897D05B4e99,0xce4eb2498ebc45f811d5449ae2ea425adc02a56c8de1d32d472f92f2013b011b,null,WINB-41F,BToken
Stellar,XLM,4500000000000000000000000000,18,TRUE,0xf68a4b64162906eff0ff6ae34e2bb1cd42fef62d ,0xd2f93484f2d319194cba95c5171b18c1d8cfd6c4,0x43C934A845205F0b514417d757d7235B8f53f1B9,0xfe2de0a50a3245028f7fe85a5263a94150a8c3d52987b6414a37ed5be20d6941,,,BToken
wazirx token,WRX,5900000000000000,8,TRUE,0xF68a4b64162906efF0fF6aE34E2bB1Cd42FEf62d,0xd2f93484f2d319194cba95c5171b18c1d8cfd6c4,0x8e17ed70334C87eCE574C9d537BC153d8609e2a3,0x00ce4579ebee7af23c10f961eb85dadfb0c668ffc023b1fc3836dca8d524b71f,,,BToken
SHIBA INU,SHIB,700000000000000000000000000000,18,TRUE,0xF68a4b64162906efF0fF6aE34E2bB1Cd42FEf62d,0xd2f93484f2d319194cba95c5171b18c1d8cfd6c4,0x2859e4544C4bB03966803b044A93563Bd2D0DD4D,0x9f67a2903ebad4f898199aa5efddc564c127a751d7be43055955d4349b87b189,,,BToken
JUST,JST,100000000000000000000000000,18,TRUE,0xF68a4b64162906efF0fF6aE34E2bB1Cd42FEf62d,0xd2f93484f2d319194cba95c5171b18c1d8cfd6c4,0xeA998D307ACA04D4f0A3B3036Aba84AE2E409C0A,0xd5d00d1f14b69e651dcb0e660e7bcb97e1aa9e4a22fc16f54d3db5f288cb4d57,,,BToken
Old Sun Token,OLDSUN,210000000000000000000000,18,TRUE,0xF68a4b64162906efF0fF6aE34E2bB1Cd42FEf62d,0xd2f93484f2d319194cba95c5171b18c1d8cfd6c4,0xc17C1Bc4F46C7CeA215f4A7b2a4f74A04c1095fA,0x0149b2126ce51b5ff98057a7c7c179530db09ff48c76f6020e5c0200df3b50a0,,,BToken
StandardBTCHashrateToken,BTCST,15000000000000000000000000,18,TRUE,0xad3784cd071602d6c9c2980d8e0933466c3f0a0a,,0x78650B139471520656b9E7aA7A5e9276814a38e9,0x248e2af3d14e7257a1a3bb564511a4bc4adab5dc1ab6ea7a8419049f576773e9,0xd5f2e9c6d0e6fde946c586977d4af6330dbbcdb95256d671382651019df5bb30,BTCST-C2E,Native Token
Wrapped UST Token,UST,45233380750000000000000000,18,TRUE,0x65866fbdb58c13d4c81f47779c11b1bfa127641f,,0x23396cF899Ca06c4472205fC903bDB4de249D6fC,0x4fa30f451e41fa9c9adf119cfaa3ca10bd90291a98696aa99b3ce21c31170a76,0x6f1f3d6859c1e6bb33aad214ce5cd72ad8da4cfe4b89a016b1ccc64bd18d9e95,UST-290,Native Token
Bunny Token,BUNNY,1018361218000000000000000,18,TRUE,,,0xC9849E6fdB743d08fAeE3E34dd2D1bc69EA11a51,0xe40dcf39c2f2874c3a967627a0d95ac42f06e86008ab81a5eb461411f3437ab6,0xf7af0091d5e52e25d6768496a5e83faa6a080a0043f353a89c631b130b32141f,BUNNY-2B9,Native Token
VAI Stablecoin,VAI,205039850100000000000000000,18,TRUE,,,0x4BD17003473389A42DAF6a0a729f6Fdb328BbBd7,0x5c6f2b4992cbbc3659f68786c0157938ee15b1a014f1c77cef3e46171d31c6e0,0x04d825920f7ee06a1a0bf95ed0f3fbde1f0d01cf2f19c41a2374b742c6833309,VAI-B2D,Native Token
Ellipsis,EPS,343538528490000000000000000,18,TRUE,,,0xa7f552078dcc247c2684336020c03648500c6d9f,0x3f4399ef98972e7acfd8bd8799900cb9ba82884ae77847c349a49fd7e783273e,0xaa67274f57cbfc3633d12a2d7dd3724322774778a3f84ddc200ceb6480a4105e,EPS-458,Native Token
BELT Token,BELT,3249418480000000000000000,18,TRUE,0xd4bbc80b9b102b77b21a06cb77e954049605e6c1,,0xE0e514c71282b6f4e823703a39374Cf58dc3eA4f,0x8d6418f42003b97909cfd58c71b0baff80a4fa0d01019b329b40f305661c5bd5,0x1d7a9c7d2ad68c32ba171db847f1536536549a764ac8b87fd77b882e268ed45f,BELT-5A3,Native Token
AlpacaToken,ALPACA,120650120960000000000000000,18,TRUE,0xa625ab01b08ce023b2a342dbb12a16f2c8489a8f,,0x8F0528cE5eF7B51152A59745bEfDD91D97091d2F,0x4dd4752d3f4cf809c5eeac778944b02a5907c803434f52db92ef908f198fe866,0x01d8644a066c3104ffad6ba707acada28e0cdd7c64775f7c02bca13a505272b2,ALPACA-405,Native Token
Refinable,FINE,500000000000000000000000000,18,TRUE,0xd05948acd492711c6ed2e983b8b96643844e977e,,0x4e6415a5727ea08aAE4580057187923aeC331227,0x572ea03dac28657dae64fbfcaae25a10544de707a0e99581363b877fb714db45,0xdb123fd2b7dfa01132777465affd7ae96de03b999e79b2ecdad1eef762640494,FINE-74B,Native Token
Nerve,NRV,73446430780000000000000000,18,TRUE,0xd94ac9fb78dd9b3feb0ec39f38d86d2ee5ba6b06,,0x42F6f551ae042cBe50C739158b4f0CAC0Edb9096,0x79f2fa9f7e15a57a72f8f247841e97f8e76c2c24d3a0ab9380ac60d5ccadf3d5,,,Native Token
Tokocrypto Token,TKO,500000000000000000000000000,18,TRUE,0xb6c1a7ccd41530a35cd3d8ae5f1eaf40b588faef,,0x9f589e3eabe42ebc94a44727b3f3531c0c877809,0x214652e7482cfafe439aad0f736812c3303078a14a91a4c4f04f35fb2b631da6,0xfd25441ceb9d7fcc650bb76f669c16ca0bfed4de3e057cf835ff21f46591d9b6,TKO-DF1,Native Token
Sun Token,SUN,210000000000000000000000000,18,true,0xF68a4b64162906efF0fF6aE34E2bB1Cd42FEf62d,0xd2f93484f2d319194cba95c5171b18c1d8cfd6c4,0xA1E6c58D503e4EeE986167f45a063853CeFe08c3,0x289dd17f2717a541d41c87ae5dd4a5e3adaaa09fad6e2e38b66a306663e108b4,,,BToken
APENFT,NFT,311942608211800000,6,TRUE,0xF68a4b64162906efF0fF6aE34E2bB1Cd42FEf62d,0xd2f93484f2d319194cba95c5171b18c1d8cfd6c4,0x1fC9004eC7E5722891f5f38baE7678efCB11d34D,0x128d4ba67f4b640b192af5686148c28034173d6daa2e5af6256f6ea57125d2d7,,,BToken
Axie Infinity Shard,AXS,5919616800000000000000000,18,true,0xA6CA52EE6bC23329860C8943631D767b001ad2AA,0xd2f93484f2d319194cba95c5171b18c1d8cfd6c4,0x715D400F88C167884bbCc41C5FeA407ed4D2f8A0,0xbf8805f395bc8802853b4f9986ee05f416036cc87a7d2e9c4c356cab7dcffbb7,,,BToken
SOLANA,SOL,8212043700000000000000000,18,true,0xA6CA52EE6bC23329860C8943631D767b001ad2AA,0xd2f93484f2d319194cba95c5171b18c1d8cfd6c4,0x570A5D26f7765Ecb712C0924E4De545B89fD43dF,0x4c46e548063b77168fbe9805d32e34af560f753cc2b7cf9c2e0538ab0ca4ae68,,,BToken
Internet Computer,ICP,1849248300000000000000000,18,true,0xA6CA52EE6bC23329860C8943631D767b001ad2AA,0xd2f93484f2d319194cba95c5171b18c1d8cfd6c4,0xE1Fa6223B2124770892f1714b670aDbC4881AFEc,0xbe9b7c6a901a19efccc3c534e4a3919fe5cf63a705d2f8f45398eb4144b2ef2c,,,BToken
THETA Token,THETA,27693473400000000000000000,18,true,0xA6CA52EE6bC23329860C8943631D767b001ad2AA,0xd2f93484f2d319194cba95c5171b18c1d8cfd6c4,0x5341344e90385B3DB4464276eE00fC149AAd310d,0x82f6f7100f6f42371e9a83fcc8f4d64fab6f30e3a649f99317242937dad4933e,,,BToken
Theta Fuel,TFUEL,253025767500000000000000000,18,true,0xA6CA52EE6bC23329860C8943631D767b001ad2AA,0xd2f93484f2d319194cba95c5171b18c1d8cfd6c4,0xF6c23D3f0331b3Ce13dd65fFAef42dAC8b91259C,0x8c797f11134d327a5e02784391bd34a09001a9baaa7094810587e453a5982372,,,BToken
THORChain,RUNE,15447223200000000000000000,18,true,0xA6CA52EE6bC23329860C8943631D767b001ad2AA,0xd2f93484f2d319194cba95c5171b18c1d8cfd6c4,0xa7f098C0eeA7562066D51Aee80F9543672b718F9,0x16d4a9c0c4c18089358efba51875c11b83ffe7e31bcc6113c58f43ddf3b01460,,,BToken
Smooth Love Potion,SLP,237136241400000000000000000,18,true,0xA6CA52EE6bC23329860C8943631D767b001ad2AA,0xd2f93484f2d319194cba95c5171b18c1d8cfd6c4,0x070a08BeEF8d36734dD67A491202fF35a6A16d97,0xab29b5ce43c143a02724ea0f7b9de38cd7eff282c5cb161a79def51d4b235d4c,,,BToken
Kyber Network Crystal,KNC,8987917800000000000000000,18,true,0xA6CA52EE6bC23329860C8943631D767b001ad2AA,0xd2f93484f2d319194cba95c5171b18c1d8cfd6c4,0xfe56d5892BDffC7BF58f2E84BE1b2C32D21C308b,0x879bb2f5a0a80a5e9977c529c7abbe8bf5a32f293e3c815f8d066477563b473b,,,BToken
eCash,XEC,45000000000000000000000000000,18,true,0xA6CA52EE6bC23329860C8943631D767b001ad2AA,0xd2f93484f2d319194cba95c5171b18c1d8cfd6c4,0x0Ef2e7602adD1733Bfdb17aC3094d0421B502cA3,0xcdcd79393361ae3ef6a317439953e470ab30467187aef096adea5129b3d0ea13,,,BToken
Pax Dollar,USDP,8000000000000000000000000,18,true,0xA6CA52EE6bC23329860C8943631D767b001ad2AA,0xd2f93484f2d319194cba95c5171b18c1d8cfd6c4,0xb3c11196A4f3b1da7c23d9FB0A3dDE9c6340934F,0xd10317151bb084cccf982d610f9f70be71c22e32c13a2fee022190ac69703cd0,,,BToken
FLOW,FLOW,1000000000000000000000000,18,true,0xA6CA52EE6bC23329860C8943631D767b001ad2AA,0xd2f93484f2d319194cba95c5171b18c1d8cfd6c4,0xC943c5320B9c18C153d1e2d12cC3074bebfb31A2,0x5612d520aa35c2cc035ec37724851083fe01c34d07edca2b6091949945a9c690,,,BToken
TornadoCash,TORN,100000000000000000000000,18,true,0xA6CA52EE6bC23329860C8943631D767b001ad2AA,0xd2f93484f2d319194cba95c5171b18c1d8cfd6c4,0x1bA8D3C4c219B124d351F603060663BD1bcd9bbF,0x21c85c07d8219fcbf2a87e11f18babb0e3c6182d49a5c9a2dfde86f13618ac2f,,,BToken
Yield Guild Games Token,YGG,2000000000000000000000000,18,true,0xA6CA52EE6bC23329860C8943631D767b001ad2AA,0xd2f93484f2d319194cba95c5171b18c1d8cfd6c4,0x13Ab6739368a4e4abf24695bf52959224367391f,0x26599b0bc688aba480bbf5067b033e36bae0cfedaf5beb5ca33c26684809ca5f,,,BToken
Illuvium,ILV,6000000000000000000000,18,true,0xA6CA52EE6bC23329860C8943631D767b001ad2AA,0xd2f93484f2d319194cba95c5171b18c1d8cfd6c4,0x4d5AC5cc4f8aBdf2EC2Cb986C00C382369f787D4,0x47f8d6c8be1c9faf07825f2592265218f0220e0bc2a740e3ef5adb684d456059,,,BToken
FC Lazio Fan Token,LAZIO,4000000000000000,8,false,0x556EdF1576870827a116C03Dfa75126463063BaF,0xB12609a4D4ae37f68F8A48926253547420d95E2D,0x77d547256A2cD95F32F67aE0313E450Ac200648d,0x58282575f8a8fa03524824893ba7b21cbec047bf21ca8ec2a89c37cd8e3b8ae8,,,Native Token
FC Porto Fan Token,PORTO,4000000000000000,8,false,0x556EdF1576870827a116C03Dfa75126463063BaF,0xB12609a4D4ae37f68F8A48926253547420d95E2D,0x49f2145d6366099e13B10FbF80646C0F377eE7f6,0xaaaca984d01652377caf3a1f109d4a982601c5264873ae2f5fbdfcacb1a3870e,,,Native Token
FC Santos Fan Token,SANTOS,3000000000000000,8,false,0x556EdF1576870827a116C03Dfa75126463063BaF,0xB12609a4D4ae37f68F8A48926253547420d95E2D,0xA64455a4553C9034236734FadDAddbb64aCE4Cc7,0xa1eee78f0e410871b094fa7a4f4238976940bc367fe0eead20a43b00599efa15,,,Native Token
OOKI Token,OOKI,2060000000000000000000000000,18,true,0xA6CA52EE6bC23329860C8943631D767b001ad2AA,0xd2f93484f2d319194cba95c5171b18c1d8cfd6c4,0xae45d42274B01eA5A7f2c9Eb94511949A44A3e3D,0xd44fbf504aba3c94664ba453101de67c4ce05a462bf787980b1d34b3a4cd4cea,,,BToken
PEAR Token,PEX,1000000000000000000000000000,18,true,0xA64B999Dca4396704C423dc3716a91E29835C845,0x56306851238D7Aee9FaC8cDd6877E92f83d5924c,0x22dd04108A2aDB86199F013C2938D1e2c6aAAAE4,0x081c3fed538b10cf3897d494185c22c7aa6f707cfb9c9cb5f83928840fc2a753,,,BToken
ALPINE Fan Token,ALPINE,4000000000000000,8,false,0x556EdF1576870827a116C03Dfa75126463063BaF,0xB12609a4D4ae37f68F8A48926253547420d95E2D,0x287880Ea252b52b63Cc5f40a2d3E5A44aa665a76,0x177e6f37af00c1af12ba2411f91aa4f36b1700aed93ba79fa3d0eecc08650df0,,,Native Token
Green Metaverse Token,GMT,6000000000000000,8,true,0xa6ca52ee6bc23329860c8943631d767b001ad2aa,0xD2f93484f2D319194cBa95C5171B18C1d8cfD6C4,0x3019BF2a2eF8040C242C9a4c5c4BD4C81678b2A1,0x4c684c4c220944411a118fc916b81759418db7d8a9788df946a1efb9934ab16a,,,BToken
The Sandbox,SAND,36900000000000000000000,18,true,0x5948602680fe4aea08d98302337a2715b3aadad1,0xD2f93484f2D319194cBa95C5171B18C1d8cfD6C4,0x67b725d7e342d7B611fa85e859Df9697D9378B2e,0x4bc3079ff9b3874bb7fb2d572e83fc07be6fe49fe7218049cf3b8e2dc107f739,,,BToken
ApeCoin,APE,0000000000000000000,18,true,0x5948602680fe4aea08d98302337a2715b3aadad1,0xD2f93484f2D319194cBa95C5171B18C1d8cfD6C4,0xC762043E211571eB34f1ef377e5e8e76914962f9,0xe5903437d55fbfa2c72b52c8ccf4cb97290d005f3820d59b99ee5cbb20c027aa,,,BToken
Waves,WAVES,0000000000000000000,18,true,0x5948602680fe4aea08d98302337a2715b3aadad1,0xD2f93484f2D319194cBa95C5171B18C1d8cfD6C4,0xFC3E14af0f0c2129a84Cc013D48C70D682902874,0xb0a6adaec846adaf4865a3de17f2e72bf1f8d8b399c97269469b2b03ece6f04c,,,BToken
JasmyCoin,JASMY,0000000000000000000,18,true,0x5948602680fe4aea08d98302337a2715b3aadad1,0xD2f93484f2D319194cBa95C5171B18C1d8cfD6C4,0x15669CF161946C09a8B207650BfBB00e3d8A2E3E,0x5b1ad3b164154830423d105382e87c8aaf829418f58a3ab2e6ac369d98ff56df,,,BToken
Decentraland,MANA,0000000000000000000,18,true,0x5948602680fe4aea08d98302337a2715b3aadad1,0xD2f93484f2D319194cBa95C5171B18C1d8cfD6C4,0x26433c8127d9b4e9B71Eaa15111DF99Ea2EeB2f8,0xdab292b7ff48b270714284489870467094995161b72fbd852dc5d05d09151c85,,,BToken
VeChain,VET,0000000000000000000,18,true,0x5948602680fe4aea08d98302337a2715b3aadad1,0xD2f93484f2D319194cBa95C5171B18C1d8cfD6C4,0x6FDcdfef7c496407cCb0cEC90f9C5Aaa1Cc8D888,0x98b88a1dc362df609e1ddd86dbdd8efbeb8f65853427b7d3c31e5f3fa096c7f0,,,BToken
MovieBloc,MBL,0000000000000000000,18,true,0x5948602680fe4aea08d98302337a2715b3aadad1,0xD2f93484f2D319194cBa95C5171B18C1d8cfD6C4,0x18E37F96628dB3037d633FE4D469Fb1933a63C5B,0x34fe455086cf59b27ac13f19f67cdf19290decce1585a48e077eaab225adaf67,,,BToken
ConstitutionDAO,PEOPLE,0000000000000000000,18,true,0x5948602680fe4aea08d98302337a2715b3aadad1,0xD2f93484f2D319194cBa95C5171B18C1d8cfD6C4,0x2c44b726ADF1963cA47Af88B284C06f30380fC78,0xb9128e8cf5b7c39b08fe30ba645fd967df8bced1f865d1b26cd58a1b9b33c5f0,,,BToken
LooksRare,LOOKS,0000000000000000000,18,true,0x5948602680fe4aea08d98302337a2715b3aadad1,0xD2f93484f2D319194cBa95C5171B18C1d8cfD6C4,0x590D11c0696b0023176f5D7587d6b2f502a08047,0x31b78e16d39212d9b753eab0378ebccce314cd2589b25b5db39b00a20678f471,,,BToken
